No.,Comments,Topics,Theme,OriginalC,Topics,SubTopics,Sentiment
73,Maybe go slower and go more in-depth on harder sections.,1,Slow down teaching,Maybe go slower and go more in-depth on harder sections.,slow_slide_hard,slow_hard_slide,neutral
75,Slow down in lectures.,1,Slow down teaching,Slow down in lectures.,slow_slide_hard,slow_hard_slide,neutral
76,Slowwwww dowwwwnnnn it's hard to keep up with the slides,1,Slow down teaching,Slowwwww dowwwwnnnn it's hard to keep up with the slides,slow_slide_hard,slow_hard_slide,negative
108,She can improve if she slows down a bit on the more complicated subjects of the class.,1,Slow down teaching,She can improve if she slows down a bit on the more complicated subjects of the class.,slow_slide_hard,bite_slow_complicate,neutral
171,Slow down between slides.,1,Slow down teaching,Slow down between slides.,slow_slide_hard,slow_hard_slide,neutral
184,Pace a slight bit more,1,Slow down teaching,Pace a slight bit more,slow_slide_hard,bite_slow_complicate,neutral
52,She asks for questions in class and does her best to check for understanding with iClicker questions.,2,iClickers,She asks for questions in class and does her best to check for understanding with iClicker questions.,question_understand_ask,question_answer_ask,neutral
100,She loves the topic and her lectures are very engaging,6,Passion/Enthusiasm,She loves the topic and her lectures are very engaging,question_understand_ask,topic_love_engage,positive
102,"The instructor is very dedicated to her course, making sure there is class interaction within lecture, is ready to answer any questions with full answers",12,Class is engaging/interesting,"The instructor is very dedicated to her course, making sure there is class interaction within lecture, is ready to answer any questions with full answers",question_understand_ask,question_answer_ask,positive
129,She is extremely helpful and clear in your lectures and will stop to answer whatever questions you have.,5,Helpful/helping students,She is extremely helpful and clear in your lectures and will stop to answer whatever questions you have.,question_understand_ask,question_answer_ask,positive
143,Take questions from the students more frequently.,23,Improve lecture,Take questions from the students more frequently.,question_understand_ask,question_answer_ask,neutral
157,She tries to engage the students in thinking about certain questions,12,Class is engaging/interesting,She tries to engage the students in thinking about certain questions,question_understand_ask,question_answer_ask,neutral
159,Also asks the class questions for which they have to come up with answers for.,12,Class is engaging/interesting,Also asks the class questions for which they have to come up with answers for.,question_understand_ask,question_answer_ask,neutral
164,Not be so biased about controversial topics such as climate change.,22,Random suggestions,Not be so biased about controversial topics such as climate change.,question_understand_ask,topic_love_engage,neutral
86,Passionate about the subject,6,Passion/Enthusiasm,Passionate about the subject,passionate_teach_know,passionate_teach_hard,neutral
89,She's very passionate about what she's teaching.,6,Passion/Enthusiasm,She's very passionate about what she's teaching.,passionate_teach_know,passionate_teach_hard,positive
94,She is enthusiastic and knows the material well,6,Passion/Enthusiasm,She is enthusiastic and knows the material well,passionate_teach_know,know_enthusiastic_passionate,positive
97,She is truly passionate about the subject and attempts to spur the interest of the students as hard as she can.,6,Passion/Enthusiasm,She is truly passionate about the subject and attempts to spur the interest of the students as hard as she can.,passionate_teach_know,passionate_teach_hard,positive
98,She knows and is passionate about the subject.,6,Passion/Enthusiasm,She knows and is passionate about the subject.,passionate_teach_know,know_enthusiastic_passionate,positive
10,She is definitely an extremely motivated professor and wants what's best for her students,8,Cares about students/wants students to do well,She is definitely an extremely motivated professor and wants what's best for her students,good_great_way,good_definitely_extremely,positive
116,She is an overall great professor!,11,Best/Great professor,She is an overall great professor!,good_great_way,great,positive
125,She's really good at explaining things well and getting the class involved.,3,Clear explanations/lectures,She's really good at explaining things well and getting the class involved.,good_great_way,good_definitely_extremely,positive
142,She is very nice,16,Personality - nice/sweet/funny,She is very nice,good_great_way,nice_problem,positive
153,She is funny and smiling all the time,16,Personality - nice/sweet/funny,She is funny and smiling all the time,good_great_way,smile_time,positive
167,She's good as is.,10,Good class,She's good as is.,good_great_way,good_definitely_extremely,positive
168,I believe she's doing great.,10,Good class,I believe she's doing great.,good_great_way,great,positive
177,"In addition, she is very nice and always eager to help us with problems",5,Helpful/helping students,"In addition, she is very nice and always eager to help us with problems",good_great_way,nice_problem,positive
195,"No, the class is good the way it is",10,Good class,"No, the class is good the way it is",good_great_way,good_definitely_extremely,positive
8,"Powerpoints, explains concepts extremely well, fair tests",4,Powerpoints slides,"Powerpoints, explains concepts extremely well, fair tests",concept_explain_understand,concept_explain_understand,positive
16,"She presents lecture material in an engaging manner, with slideshows, videos, and visuals that stimulate understanding",12,Class is engaging/interesting,"She presents lecture material in an engaging manner, with slideshows, videos, and visuals that stimulate understanding",concept_explain_understand,concept_explain_understand,positive
24,Showing models in class to help students understand concepts.,9,Examples/Demos/Real life connection,Showing models in class to help students understand concepts.,concept_explain_understand,concept_explain_understand,neutral
45,Interaction and understanding of concepts and definitions.,12,Class is engaging/interesting,Interaction and understanding of concepts and definitions.,concept_explain_understand,concept_explain_understand,neutral
64,"When I go to her for help, she further explains in a thorough manner.",5,Helpful/helping students,"When I go to her for help, she further explains in a thorough manner.",concept_explain_understand,concept_explain_understand,neutral
74,"Slow down, explain your points more clearly, concepts are completely lost in the midst of all your rapid speech chock-full of technical ESS vocabulary.",1,Slow down teaching,"Slow down, explain your points more clearly, concepts are completely lost in the midst of all your rapid speech chock-full of technical ESS vocabulary.",concept_explain_understand,concept_explain_understand,negative
79,Take more time to explain concepts thoroughly.,1,Slow down teaching,Take more time to explain concepts thoroughly.,concept_explain_understand,concept_explain_understand,neutral
82,Explains concepts very well and tries to keep the class enthusiastic about the subject.,3,Clear explanations/lectures,Explains concepts very well and tries to keep the class enthusiastic about the subject.,concept_explain_understand,concept_explain_understand,positive
107,She can go over the difficult concepts more slowly and with more examples.,1,Slow down teaching,She can go over the difficult concepts more slowly and with more examples.,concept_explain_understand,concept_explain_understand,neutral
123,She goes above and beyond in helping her students succeed and trying to help us grasp the concepts better.,8,Cares about students/wants students to do well,She goes above and beyond in helping her students succeed and trying to help us grasp the concepts better.,concept_explain_understand,concept_explain_understand,positive
185,Perhaps breaking down the more complicated concepts into smaller steps.,23,Improve lecture,Perhaps breaking down the more complicated concepts into smaller steps.,concept_explain_understand,complicate_concept,neutral
17,She is very knowledgeable about the course material and is interested in helping the students.,5,Helpful/helping students,She is very knowledgeable about the course material and is interested in helping the students.,course_passionate_teach,helpful_course_friendly,positive
18,She is very knowledgeable about the subject and is open to adjusting the course to students.,21,Accepts critique/responds to needs,She is very knowledgeable about the subject and is open to adjusting the course to students.,course_passionate_teach,helpful_course_friendly,positive
42,Helpful and states the lecture clearly in class.,3,Clear explanations/lectures,Helpful and states the lecture clearly in class.,course_passionate_teach,helpful_course_friendly,positive
55,She is very nice and approachable and really cares about our experience in her course,8,Cares about students/wants students to do well,She is very nice and approachable and really cares about our experience in her course,course_passionate_teach,helpful_course_friendly,positive
62,She is also very patient.,16,Personality - nice/sweet/funny,She is also very patient.,course_passionate_teach,patient,positive
83,"Friendly, helpful, kind, passionate about what she is teaching us",5,Helpful/helping students,"Friendly, helpful, kind, passionate about what she is teaching us",course_passionate_teach,helpful_course_friendly,positive
87,"Professor Ferguson is very passionate about the subject she teaches, which made lectures more enjoyable",6,Passion/Enthusiasm,"Professor Ferguson is very passionate about the subject she teaches, which made lectures more enjoyable",course_passionate_teach,helpful_course_friendly,positive
96,"She is not only friendly and professional, but is enthusiastic and well-versed in ESS material",6,Passion/Enthusiasm,"She is not only friendly and professional, but is enthusiastic and well-versed in ESS material",course_passionate_teach,helpful_course_friendly,positive
118,"Great lecturer, approachable, listens to feedback from students.",21,Accepts critique/responds to needs,"Great lecturer, approachable, listens to feedback from students.",course_passionate_teach,helpful_course_friendly,positive
133,She is really friendly and helpful.,5,Helpful/helping students,She is really friendly and helpful.,course_passionate_teach,helpful_course_friendly,positive
5,Helping us understand something when we ask about it.,5,Helpful/helping students,Helping us understand something when we ask about it.,understand_sure_teach,understand_ask_know,neutral
7,"Nice powerpoints, clear and easy to read and understand",4,Powerpoints slides,"Nice powerpoints, clear and easy to read and understand",understand_sure_teach,understand_learn_teach,positive
12,She also makes sure that her students understand the material being taught by asking often and by going over certain concepts a couple of times through,5,Helpful/helping students,She also makes sure that her students understand the material being taught by asking often and by going over certain concepts a couple of times through,understand_sure_teach,understand_learn_teach,neutral
14,She explains the lecture really well.,3,Clear explanations/lectures,She explains the lecture really well.,understand_sure_teach,explain_clearly,positive
15,She makes things very clear and easy to understand.,3,Clear explanations/lectures,She makes things very clear and easy to understand.,understand_sure_teach,understand_learn_teach,positive
19,"She takes the time to fully explain the main points of lectures and provides examples- graphs, pictures, or real-life scenarios-that help enhance the learning experience.",9,Examples/Demos/Real life connection,"She takes the time to fully explain the main points of lectures and provides examples- graphs, pictures, or real-life scenarios-that help enhance the learning experience.",understand_sure_teach,understand_learn_teach,positive
22,She uses a lot of pictures and videos to make sure students understand the concepts.,9,Examples/Demos/Real life connection,She uses a lot of pictures and videos to make sure students understand the concepts.,understand_sure_teach,understand_learn_teach,neutral
26,She may need to speak up a little bit since there are 300 students in the class.,15,Speak louder,She may need to speak up a little bit since there are 300 students in the class.,understand_sure_teach,bite_speak_need,neutral
30,Gives us enough work to keep us actively learning.,12,Class is engaging/interesting,Gives us enough work to keep us actively learning.,understand_sure_teach,understand_learn_teach,positive
34,explains things clearly - makes sure that students understand material - provides visual demonstrations for better understanding - stimulates good learning environment (makes sure other students are quiet) - seems to enjoy teaching the subject,3,Clear explanations/lectures,explains things clearly - makes sure that students understand material - provides visual demonstrations for better understanding - stimulates good learning environment (makes sure other students are quiet) - seems to enjoy teaching the subject,understand_sure_teach,understand_learn_teach,positive
36,"Clear explanations, good use of website, and wanting to help students learn more.",3,Clear explanations/lectures,"Clear explanations, good use of website, and wanting to help students learn more.",understand_sure_teach,understand_learn_teach,positive
37,explains well good enthusiasm,3,Clear explanations/lectures,explains well good enthusiasm,understand_sure_teach,enthusiasm_teach_explain,positive
39,Finding useful and interactive materials from the internet and using her personal experiences to make the lectures more digestible.,9,Examples/Demos/Real life connection,Finding useful and interactive materials from the internet and using her personal experiences to make the lectures more digestible.,understand_sure_teach,understand_learn_teach,positive
40,"If a lot of people didn’t get it or there was a mix of answers, we’d go over the material again",5,Helpful/helping students,"If a lot of people didn’t get it or there was a mix of answers, we’d go over the material again",understand_sure_teach,understand_learn_teach,negative
48,Taught in a way that’s understandable and the clicker questions helped a lot with understanding,2,iClickers,Taught in a way that’s understandable and the clicker questions helped a lot with understanding,understand_sure_teach,understand_learn_teach,positive
56,She created this Facebook group to share with us information outside of class which is pretty cool because I got to think about the class material outside of class and even saw myself explaining certain things about the Earth to my friends and family.,9,Examples/Demos/Real life connection,She created this Facebook group to share with us information outside of class which is pretty cool because I got to think about the class material outside of class and even saw myself explaining certain things about the Earth to my friends and family.,understand_sure_teach,understand_learn_teach,positive
63,She explains very well and incorporates real-world examples that help me better understand the topic,9,Examples/Demos/Real life connection,She explains very well and incorporates real-world examples that help me better understand the topic,understand_sure_teach,understand_learn_teach,positive
68,Cares a lot about her students learning the topic and is very willing to go over the material,8,Cares about students/wants students to do well,Cares a lot about her students learning the topic and is very willing to go over the material,understand_sure_teach,understand_learn_teach,positive
69,"Also, she always teaches with a smile and a positive attitude.",16,Personality - nice/sweet/funny,"Also, she always teaches with a smile and a positive attitude.",understand_sure_teach,understand_learn_teach,positive
70,The instructor teaches at a moderate pace and tries to make sure everyone understands the most important materials,3,Clear explanations/lectures,The instructor teaches at a moderate pace and tries to make sure everyone understands the most important materials,understand_sure_teach,understand_learn_teach,positive
80,The professor should slow down during lectures and provide more opportunities for questions.,1,Slow down teaching,The professor should slow down during lectures and provide more opportunities for questions.,understand_sure_teach,understand_learn_teach,neutral
84,Knows how to teach material so students understand.,3,Clear explanations/lectures,Knows how to teach material so students understand.,understand_sure_teach,understand_ask_know,neutral
88,"Really passionate about ESS, a lot of charts and graphs in the slides to help us visualize, works really hard to make sure we understand.",6,Passion/Enthusiasm,"Really passionate about ESS, a lot of charts and graphs in the slides to help us visualize, works really hard to make sure we understand.",understand_sure_teach,understand_learn_teach,positive
90,She explains the class materials very clearly,3,Clear explanations/lectures,She explains the class materials very clearly,understand_sure_teach,explain_clearly,neutral
92,"She is enthusiastic about the subject, which makes the course interesting to learn about",6,Passion/Enthusiasm,"She is enthusiastic about the subject, which makes the course interesting to learn about",understand_sure_teach,understand_learn_teach,positive
93,"Professor Ferguson also ties the topics taught during a lecture to current events, which contributes to the understanding of the course.",9,Examples/Demos/Real life connection,"Professor Ferguson also ties the topics taught during a lecture to current events, which contributes to the understanding of the course.",understand_sure_teach,understand_learn_teach,neutral
99,She knows her material and teaches it by using examples,9,Examples/Demos/Real life connection,She knows her material and teaches it by using examples,understand_sure_teach,understand_learn_teach,neutral
101,She speaks clearly and is very enthusiastic about what she is teaching.,6,Passion/Enthusiasm,She speaks clearly and is very enthusiastic about what she is teaching.,understand_sure_teach,understand_learn_teach,positive
105,She really knows her material very well and always encourages her students to think,7,Knowledgeable,She really knows her material very well and always encourages her students to think,understand_sure_teach,understand_learn_teach,positive
112,This course is challenging but rewarding.,10,Good class,This course is challenging but rewarding.,understand_sure_teach,course,positive
115,Explaining the material clearly,3,Clear explanations/lectures,Explaining the material clearly,understand_sure_teach,explain_clearly,neutral
127,"She enjoys what she teaches, and her enthusiasm rubs off on other students.",6,Passion/Enthusiasm,"She enjoys what she teaches, and her enthusiasm rubs off on other students.",understand_sure_teach,enthusiasm_teach_explain,positive
135,She is very helpful and explains as many times as needed,5,Helpful/helping students,She is very helpful and explains as many times as needed,understand_sure_teach,understand_learn_teach,positive
140,The professor always makes sure to ask for our opinion about her teaching style and what we think she can do to help us learn better.,21,Accepts critique/responds to needs,The professor always makes sure to ask for our opinion about her teaching style and what we think she can do to help us learn better.,understand_sure_teach,understand_learn_teach,positive
146,Ability to use examples that would help students understand what she was talking about.,9,Examples/Demos/Real life connection,Ability to use examples that would help students understand what she was talking about.,understand_sure_teach,understand_learn_teach,neutral
149,"Making lecture powerpoints and PDF slides available to students before and after class, have a website which provides materials ranging from lecture slides to homework, holding office hours, encourage students to seek help when they need it (example going over midterms & possible study strategies), taking the time to explain the concepts if students speak up and ask when they don’t understand in lecture, and in office hours making sure students learn and understand the concepts they struggle, and every possible way (that fits around her schedule as she could) to be available to help students (and finding ways that could help and benefit students in the learning process) and answer questions students may have.",5,Helpful/helping students,"Making lecture powerpoints and PDF slides available to students before and after class, have a website which provides materials ranging from lecture slides to homework, holding office hours, encourage students to seek help when they need it (example going over midterms & possible study strategies), taking the time to explain the concepts if students speak up and ask when they don’t understand in lecture, and in office hours making sure students learn and understand the concepts they struggle, and every possible way (that fits around her schedule as she could) to be available to help students (and finding ways that could help and benefit students in the learning process) and answer questions students may have.",understand_sure_teach,understand_learn_teach,neutral
150,Making the class interesting and being specific about what she’s teaching,12,Class is engaging/interesting,Making the class interesting and being specific about what she’s teaching,understand_sure_teach,teach,positive
152,She's excited about the subject and has a lot of knowledge on it.,7,Knowledgeable,She's excited about the subject and has a lot of knowledge on it.,understand_sure_teach,understand_learn_teach,positive
158,She tries to explain all the concepts in this course in an easy way,3,Clear explanations/lectures,She tries to explain all the concepts in this course in an easy way,understand_sure_teach,understand_learn_teach,neutral
160,The instructor's strength is she is really clear on what and what's not important of lecture notes and topics being learned in class.,3,Clear explanations/lectures,The instructor's strength is she is really clear on what and what's not important of lecture notes and topics being learned in class.,understand_sure_teach,understand_learn_teach,positive
161,The instructor was able to show that she knew a lot of information and was able to teach that material,7,Knowledgeable,The instructor was able to show that she knew a lot of information and was able to teach that material,understand_sure_teach,understand_learn_teach,positive
172,"Speaking a bit more slowly, but other than that she is a very nice professor.",1,Slow down teaching,"Speaking a bit more slowly, but other than that she is a very nice professor.",understand_sure_teach,bite_speak_need,positive
180,I would definitely take a class with her again if possible.,10,Good class,I would definitely take a class with her again if possible.,understand_sure_teach,understand_learn_teach,positive
181,She shows great enthusiasm in teaching and giving us extra information and help.,6,Passion/Enthusiasm,She shows great enthusiasm in teaching and giving us extra information and help.,understand_sure_teach,enthusiasm_teach_explain,positive
192,Professor Ferguson did everything she could for us to learn the course materials,5,Helpful/helping students,Professor Ferguson did everything she could for us to learn the course materials,understand_sure_teach,understand_learn_teach,neutral
196,Perhaps she could make tests a bit easier; not all of us are ESS majors and this material is a bit dense and difficult to understand.,18,Easier/better exams,Perhaps she could make tests a bit easier; not all of us are ESS majors and this material is a bit dense and difficult to understand.,understand_sure_teach,bite_speak_need,neutral
199,Stresses understanding of material.,5,Helpful/helping students,Stresses understanding of material.,understand_sure_teach,understand_ask_know,neutral
95,She is extremely enthusiastic about the subject.,6,Passion/Enthusiasm,She is extremely enthusiastic about the subject.,enthusiastic_extremely,None,positive
104,The professor is very enthusiastic,6,Passion/Enthusiasm,The professor is very enthusiastic,enthusiastic_extremely,None,positive
13,Her lectures are very interesting,12,Class is engaging/interesting,Her lectures are very interesting,Interested_more_subject.,None,positive
59,She can make the lecture more interesting.,23,Improve lecture,She can make the lecture more interesting.,Interested_more_subject.,None,positive
109,The class is fine as is.,10,Good class,The class is fine as is.,Interested_more_subject.,None,positive
111,The professor's passion for the subject is inspiring.,6,Passion/Enthusiasm,The professor's passion for the subject is inspiring.,Interested_more_subject.,None,positive
122,Interested in the subject.,6,Passion/Enthusiasm,Interested in the subject.,Interested_more_subject.,None,positive
151,Her willingness to help us was incredible.,5,Helpful/helping students,Her willingness to help us was incredible.,Interested_more_subject.,None,positive
197,"She can probably do more of the ""penny flip"" probability activities in class.",23,Improve lecture,"She can probably do more of the ""penny flip"" probability activities in class.",Interested_more_subject.,None,neutral
198,Interested in the subject.,6,Passion/Enthusiasm,Interested in the subject.,Interested_more_subject.,None,positive
65,She has an accent.,19,Accent,She has an accent.,accent_like,accent,neutral
119,Her accent makes everything interesting!,19,Accent,Her accent makes everything interesting!,accent_like,accent,positive
121,I like her accent.,19,Accent,I like her accent.,accent_like,like_accent,positive
130,"Also, her English accent makes her a very cute person, haha :)",19,Accent,"Also, her English accent makes her a very cute person, haha :)",accent_like,accent,positive
103,The enthusiasm that the professor often expressed also made the class more enjoyable.,6,Passion/Enthusiasm,The enthusiasm that the professor often expressed also made the class more enjoyable.,enthusiasm_express_enjoyable,None,positive
174,The professor's enthusiasm and expertise are evident in every lecture.,6,Passion/Enthusiasm,The professor's enthusiasm and expertise are evident in every lecture.,enthusiasm_express_enjoyable,None,positive
178,She is always willing to help and expresses interest in her students.,5,Helpful/helping students,She is always willing to help and expresses interest in her students.,enthusiasm_express_enjoyable,None,positive
1,Concise material and clear notes.,13,Good organization,Concise material and clear notes.,clear_explanation_slide,clear_note_slide,neutral
21,The slides were helpful and clear.,4,Powerpoints slides,The slides were helpful and clear.,clear_explanation_slide,clear_note_slide,positive
29,The professor's lectures are clear and well-organized.,13,Good organization,The professor's lectures are clear and well-organized.,clear_explanation_slide,clear_organize,positive
38,Explanation is very clear.,3,Clear explanations/lectures,Explanation is very clear.,clear_explanation_slide,explanation_clear,neutral
66,She is very clear in her explanations.,3,Clear explanations/lectures,She is very clear in her explanations.,clear_explanation_slide,explanation_clear,positive
179,She is clear and takes critique from students.,21,Accepts critique/responds to needs,She is clear and takes critique from students.,clear_explanation_slide,clear,neutral
2,"She makes great, great powerpoints that are informative and helpful for the exams and weekly quizzes",4,Powerpoints slides,"She makes great, great powerpoints that are informative and helpful for the exams and weekly quizzes",powerpoint_provide_great,great_powerpoint_provide,positive
4,"Great powerpoint lectures, very well prepared, interesting assignments, and great examples.",4,Powerpoints slides,"Great powerpoint lectures, very well prepared, interesting assignments, and great examples.",powerpoint_provide_great,great_powerpoint_provide,positive
6,"Interests, the powerpoints, the class demonstrations.",4,Powerpoints slides,"Interests, the powerpoints, the class demonstrations.",powerpoint_provide_great,powerpoint_demonstration_slide,neutral
28,It would be great if she could establish a more focused and respectful classroom environment.,20,Disruptive/ed classroom,It would be great if she could establish a more focused and respectful classroom environment.,powerpoint_provide_great,great_powerpoint_provide,positive
31,"Very organized notes, gave videos during class, provided quizzes and homework that applied to what we were doing, good explanations and lectures, provided many visual images, provided reviews for finals and midterms.",13,Good organization,"Very organized notes, gave videos during class, provided quizzes and homework that applied to what we were doing, good explanations and lectures, provided many visual images, provided reviews for finals and midterms.",powerpoint_provide_great,great_powerpoint_provide,positive
54,She has very good PowerPoint presentations that go over the most important parts of the book we should really understand,4,Powerpoints slides,She has very good PowerPoint presentations that go over the most important parts of the book we should really understand,powerpoint_provide_great,great_powerpoint_provide,positive
85,"Provides detailed powerpoints, enthusiastic about subject, provides interesting demonstrations, responds to emails in a reasonable time.",4,Powerpoints slides,"Provides detailed powerpoints, enthusiastic about subject, provides interesting demonstrations, responds to emails in a reasonable time.",powerpoint_provide_great,great_powerpoint_provide,positive
128,She goes beyond what the textbooks and presentations display and shows dedication to the subject.,6,Passion/Enthusiasm,She goes beyond what the textbooks and presentations display and shows dedication to the subject.,powerpoint_provide_great,presentation,positive
137,She is willing to repeat and review lectures.,5,Helpful/helping students,She is willing to repeat and review lectures.,powerpoint_provide_great,review,neutral
138,She keeps the class engaged and she puts a lot of work into her PowerPoint slides.,4,Powerpoints slides,She keeps the class engaged and she puts a lot of work into her PowerPoint slides.,powerpoint_provide_great,great_powerpoint_provide,positive
162,The PowerPoint slides in class.,4,Powerpoints slides,The PowerPoint slides in class.,powerpoint_provide_great,powerpoint_demonstration_slide,neutral
71,Now I am discouraged to read at all because that is almost impossible/impractical.,17,Issues with readings,Now I am discouraged to read at all because that is almost impossible/impractical.,read_chapter,None,negative
163,I was on top of all my readings until the syllabus called us to read 3 chapters in one night,17,Issues with readings,I was on top of all my readings until the syllabus called us to read 3 chapters in one night,read_chapter,None,neutral
194,Then three chapters the following week,17,Issues with readings,Then three chapters the following week,read_chapter,None,neutral
9,Professor Ferguson has many strengths,11,Best/Great professor,Professor Ferguson has many strengths,hand_test_sure,good_knowledge_ferguson,positive
11,"She's also very easy to talk to, so asking questions during lecture or office hours is never a problem.",16,Personality - nice/sweet/funny,"She's also very easy to talk to, so asking questions during lecture or office hours is never a problem.",hand_test_sure,test_time_exam,positive
23,She uses demonstrations to show the class how concepts work in the real world,9,Examples/Demos/Real life connection,She uses demonstrations to show the class how concepts work in the real world,hand_test_sure,test_time_exam,neutral
25,More emphasis on the major points.,23,Improve lecture,More emphasis on the major points.,hand_test_sure,test_time_exam,neutral
32,I loved the class interaction because it kept me awake and interested in the class,12,Class is engaging/interesting,I loved the class interaction because it kept me awake and interested in the class,hand_test_sure,test_time_exam,positive
33,Make the readings after the second midterm spaced out better,17,Issues with readings,Make the readings after the second midterm spaced out better,hand_test_sure,test_time_exam,neutral
35,"Clear, great listener, makes herself very available to students.",21,Accepts critique/responds to needs,"Clear, great listener, makes herself very available to students.",hand_test_sure,test_time_exam,positive
43,Also giving us so many chances and opportunities to get a good grade and do well.,8,Cares about students/wants students to do well,Also giving us so many chances and opportunities to get a good grade and do well.,hand_test_sure,opportunity_chance_good,positive
51,She had a lot of opportunities for us to do better with the quizzes and homework.,8,Cares about students/wants students to do well,She had a lot of opportunities for us to do better with the quizzes and homework.,hand_test_sure,test_time_exam,positive
57,"Bottom line: it makes life easier on exam day, saves time and trouble.",18,Easier/better exams,"Bottom line: it makes life easier on exam day, saves time and trouble.",hand_test_sure,test_time_exam,positive
67,She is very clear in what she wants from her students and on what is going to be on the tests.,4,Clear explanations/lectures,She is very clear in what she wants from her students and on what is going to be on the tests.,hand_test_sure,test_time_exam,neutral
72,"It wastes valuable time that would have been used to take the test for those who voluntarily choose to and have to move, after all they should not feel that they are being punished in terms of having less time to work on their exams for being willing to move)",14,Seating issues,"It wastes valuable time that would have been used to take the test for those who voluntarily choose to and have to move, after all they should not feel that they are being punished in terms of having less time to work on their exams for being willing to move)",hand_test_sure,test_time_exam,negative
78,Start the class right away!,23,Improve lecture,"Start the class right away! Frankly, we spent way too much time getting class started and ended up rushing through very important topics at the end of the lectures when everyone is bored and is dying to get out of there",hand_test_sure,test_time_exam,neutral
78,"Frankly, we spent way too much time getting class started and ended up rushing through very important topics at the end of the lectures when everyone is bored and is dying to get out of there",23,Improve lecture,"Start the class right away! Frankly, we spent way too much time getting class started and ended up rushing through very important topics at the end of the lectures when everyone is bored and is dying to get out of there",hand_test_sure,test_time_exam,negative
91,She gives a lot of her time to help students who need the extra time.,5,Helpful/helping students,She gives a lot of her time to help students who need the extra time.,hand_test_sure,test_time_exam,positive
117,Good knowledge of the subject.,7,Knowledgeable,Good knowledge of the subject.,hand_test_sure,good_knowledge_ferguson,positive
132,"You can tell right away that she loves the topic, and she makes sure that students find any means of enjoying it as well",6,Passion/Enthusiasm,"You can tell right away that she loves the topic, and she makes sure that students find any means of enjoying it as well",hand_test_sure,test_time_exam,positive
134,She is very good at presenting the information that we need to know.,3,Clear explanations/lectures,She is very good at presenting the information that we need to know.,hand_test_sure,test_time_exam,positive
136,"She is well organized, a good speaker, and she uses all the time allowed effectively.",13,Good organization,"She is well organized, a good speaker, and she uses all the time allowed effectively.",hand_test_sure,test_time_exam,positive
145,The professor's office hours could be expanded to accommodate more students.,22,Random suggestions,The professor's office hours could be expanded to accommodate more students.,hand_test_sure,test_time_exam,neutral
147,Connects in class materials and real life knowledge very well!,9,Examples/Demos/Real life connection,Connects in class materials and real life knowledge very well!,hand_test_sure,good_knowledge_ferguson,positive
148,"Always open to help students personally, especially during office hours.",5,Helpful/helping students,"Always open to help students personally, especially during office hours.",hand_test_sure,test_time_exam,positive
154,Her work is manageable and she prepares us enough for the exams.,22,Random suggestions,Her work is manageable and she prepares us enough for the exams.,hand_test_sure,test_time_exam,positive
155,She keeps us interested in the coursework by using interesting outside sources such as videos,9,Examples/Demos/Real life connection,She keeps us interested in the coursework by using interesting outside sources such as videos,hand_test_sure,test_time_exam,positive
165,Not try to please everyone's requests.,22,Random suggestions,Not try to please everyone's requests.,hand_test_sure,test_time_exam,neutral
176,"Good lectures, interesting information",12,Class is engaging/interesting,"Good lectures, interesting information",hand_test_sure,good_knowledge_ferguson,positive
182,Making sure that left-handed students (who request and need it) are given left-hand seats before the tests have been passed out and students have already started on the test on the day of the exam (preferably before exam day to avoid wasting test time),14,Seating issues,Making sure that left-handed students (who request and need it) are given left-hand seats before the tests have been passed out and students have already started on the test on the day of the exam (preferably before exam day to avoid wasting test time),hand_test_sure,test_time_exam,neutral
183,Also make sure right-hand students are in right-handed seats as best (and as much) as possible and given the chance to move if they do end up having to have a left-handed seat before the exam starts (when tests are passed out and students are taking tests) if they offer to exchange with a left-handed student (left-handed students should not be allowed to move if testing has officially started and they fail to inform the professor before exam day,14,Seating issues,Also make sure right-hand students are in right-handed seats as best (and as much) as possible and given the chance to move if they do end up having to have a left-handed seat before the exam starts (when tests are passed out and students are taking tests) if they offer to exchange with a left-handed student (left-handed students should not be allowed to move if testing has officially started and they fail to inform the professor before exam day,hand_test_sure,test_time_exam,neutral
188,"Also, try to work on taking control of the room",20,Disruptive/ed classroom,"Also, try to work on taking control of the room",hand_test_sure,test_time_exam,neutral
190,There should be more opportunities for class discussions.,23,Improve lecture,There should be more opportunities for class discussions.,hand_test_sure,opportunity_chance_good,neutral
191,"Great help in office hours, good class interaction.",5,Helpful/helping students,"Great help in office hours, good class interaction.",hand_test_sure,test_time_exam,positive
193,She's also very friendly and welcoming to office hours and meets the needs of students.,16,Personality - nice/sweet/funny,She's also very friendly and welcoming to office hours and meets the needs of students.,hand_test_sure,test_time_exam,positive
3,Definitely one of my favorite professors :),11,Best/Great professor,Definitely one of my favorite professors :),favorite_definitely,None,positive
141,She's my favorite professor this quarter,11,Best/Great professor,She's my favorite professor this quarter,favorite_definitely,None,positive
186,Practice exams might help.,18,Easier/better exams,Practice exams might help.,exam,None,neutral
20,"Also, she has iClicker questions, which makes students pay attention to the material being presented",2,iClickers,"Also, she has iClicker questions, which makes students pay attention to the material being presented",iclicker_question_use,iclicker_question_use,neutral
44,"In a large class, still doing demonstrations is very helpful and lots of iClicker questions!",9,Examples/Demos/Real life connection,"In a large class, still doing demonstrations is very helpful and lots of iClicker questions!",iclicker_question_use,iclicker_question_use,positive
46,Interactive with students with a good use of iClicker questions requiring participation.,2,iClickers,Interactive with students with a good use of iClicker questions requiring participation.,iclicker_question_use,iclicker_question_use,positive
47,i like how she includes iclickers in her lectures (but you don’t have to get them all right...),2,iClickers,i like how she includes iclickers in her lectures (but you don’t have to get them all right...),iclicker_question_use,iclicker_question_use,positive
49,iClicker questions help us really learn the material.,2,iClickers,iClicker questions help us really learn the material.,iclicker_question_use,iclicker_question_use,neutral
50,"Encouraging students to participate, also the use of the iClickers.",2,iClickers,"Encouraging students to participate, also the use of the iClickers.",iclicker_question_use,iclicker_question_use,neutral
53,"She does class demonstrations, and the clicker questions are useful too.",9,Examples/Demos/Real life connection,"She does class demonstrations, and the clicker questions are useful too.",iclicker_question_use,iclicker_question_use,positive
58,iClickers allow me to stay up.,2,iClickers,iClickers allow me to stay up.,iclicker_question_use,iclicker_question_use,neutral
60,The use of iClickers is helpful for class participation.,2,iClickers,The use of iClickers is helpful for class participation.,iclicker_question_use,iclicker_question_use,positive
120,Her information is very organized.,13,Good organization,Her information is very organized.,iclicker_question_use,information_organize,positive
156,Use of PowerPoint and iClickers keeps us informed.,2,iClickers,Use of PowerPoint and iClickers keeps us informed.,iclicker_question_use,iclicker_question_use,positive
41,Seems to care about the students.,8,Cares about students/wants students to do well,Seems to care about the students.,care_lot_want,None,neutral
114,"Cares about students, generally wants us to do well.",8,Cares about students/wants students to do well,"Cares about students, generally wants us to do well.",care_lot_want,None,neutral
124,She also cares a lot for her students,8,Cares about students/wants students to do well,She also cares a lot for her students,care_lot_want,None,positive
61,Lecture layouts and good at engaging class.,12,Class is engaging/interesting,Lecture layouts and good at engaging class.,engage_informative_teach,engage_good_able,positive
81,This class has been very informative and engaging.,12,Class is engaging/interesting,This class has been very informative and engaging.,engage_informative_teach,engage_informative_interactive,positive
106,She does not simply teach but creates an interactive and stimulating environment.,12,Class is engaging/interesting,She does not simply teach but creates an interactive and stimulating environment.,engage_informative_teach,teach_create_interactive,positive
113,being able to engage with the students even though there are so many,12,Class is engaging/interesting,being able to engage with the students even though there are so many,engage_informative_teach,engage_good_able,neutral
175,The professor's teaching style is engaging and informative.,12,Class is engaging/interesting,The professor's teaching style is engaging and informative.,engage_informative_teach,teach_create_interactive,positive
189,The lectures could be more engaging and interactive.,23,Improve lecture,The lectures could be more engaging and interactive.,engage_informative_teach,engage_informative_interactive,positive
27,I feel really bad for her because it seems like some students are not taking the class seriously and are disruptive,20,Disruptive/ed classroom,I feel really bad for her because it seems like some students are not taking the class seriously and are disruptive,like_feel_question,feel_like_question,negative
139,I felt like everything she said was relevant and she was always willing to help.,5,Helpful/helping students,I felt like everything she said was relevant and she was always willing to help.,like_feel_question,feel_like_question,positive
166,Questions we receive can be tricky and sometimes I feel like they can be misleading.,18,Easier/better exams,Questions we receive can be tricky and sometimes I feel like they can be misleading.,like_feel_question,feel_like_question,negative
200,I like this class very much.,10,Good class,I like this class very much.,like_feel_question,like,positive
77,And maybe talk louder?,15,Speak louder,And maybe talk louder?,speak_louder_slow,louder_speak_maybe,neutral
170,"Slow down, speak louder.",1,Slow down teaching,"Slow down, speak louder.",speak_louder_slow,louder_speak_maybe,neutral
173,"Speak slower sometimes, and more demos in class.",1,Slow down teaching,"Speak slower sometimes, and more demos in class.",speak_louder_slow,speak_slow,neutral
187,Speak a little louder.,15,Speak louder,Speak a little louder.,speak_louder_slow,louder_speak_maybe,neutral
110,The professor is very knowledgeable and passionate about the subject matter.,7,Knowledgeable,The professor is very knowledgeable and passionate about the subject matter.,knowledgeable_patient_passionate,None,positive
131,She is knowledgeable and patient,7,Knowledgeable,She is knowledgeable and patient,knowledgeable_patient_passionate,None,positive
144,The professor is knowledgeable and approachable.,7,Knowledgeable,The professor is knowledgeable and approachable.,knowledgeable_patient_passionate,None,positive
126,She's super sweet and is an amazing teacher.,16,Personality - nice/sweet/funny,She's super sweet and is an amazing teacher.,teacher_good,None,positive
169,She is the best teacher I have ever had.,11,Best/Great professor,She is the best teacher I have ever had.,teacher_good,None,positive
